Date	Category	Description	Amount
01-01-2026	Food	Groceries	1200
03-01-2026	Travel	Fuel	1800
05-01-2026	Food	Restaurant	750
07-01-2026	Bills	Electricity	2100
09-01-2026	Shopping	Clothes	2500
11-01-2026	Travel	Auto	450
13-01-2026	Food	Groceries	1600
15-01-2026	Entertainment	Movie	800
17-01-2026	Bills	Internet	999
19-01-2026	Shopping	Shoes	2200
21-01-2026	Food	Restaurant	650
23-01-2026	Travel	Fuel	2000
25-01-2026	Health	Medicine	1200
27-01-2026	Food	Groceries	1400
29-01-2026	Entertainment	Games	600
01-02-2026	Bills	Electricity	1900
03-02-2026	Travel	Fuel	1750
05-02-2026	Food	Restaurant	900
07-02-2026	Shopping	Clothes	1800
09-02-2026	Health	Doctor	1500
11-02-2026	Food	Groceries	1350
13-02-2026	Travel	Auto	500
15-02-2026	Entertainment	Movie	700
17-02-2026	Bills	Internet	999
19-02-2026	Shopping	Accessories	1200
21-02-2026	Food	Restaurant	850
23-02-2026	Travel	Fuel	2100
25-02-2026	Health	Medicine	950
27-02-2026	Food	Groceries	1550
01-03-2026	Bills	Electricity	2300
